,new_urns,author,title,year,gender,url,dhlabid
0,URN:NBN:no-nb_digibok_2009050412001,Amalie Skram,Forrådt,1892,fem,https://urn.nb.no/URN:NBN:no-nb_digibok_2009050412001,100617961
1,URN:NBN:no-nb_digibok_2016012008009,Ragnhild Jølsen,Rikka Gan,1904,fem,https://urn.nb.no/URN:NBN:no-nb_digibok_2016012008009,100624933
2,URN:NBN:no-nb_digibok_2009102110002,Sigrid Undset,Jenny,1911,fem,https://urn.nb.no/URN:NBN:no-nb_digibok_2009102110002,100391159
3,URN:NBN:no-nb_digibok_2011062206060,Barbra Ring,Kredsen,1921,fem,https://urn.nb.no/URN:NBN:no-nb_digibok_2011062206060,100544351
4,URN:NBN:no-nb_digibok_2009020500078,Cora Sandel,Alberte og Jacob,1926,fem,https://urn.nb.no/URN:NBN:no-nb_digibok_2009020500078,100447246
5,URN:NBN:no-nb_digibok_2013070308014,Gisken Wildenvey,Andrine,1929,fem,https://www.nb.no/items/f560d48acfb94fc6a3ee6743042ba275,100152581
6,URN:NBN:no-nb_digibok_2006122000001,Sigrid Boo,Du deilige liv,1933,fem,https://urn.nb.no/URN:NBN:no-nb_digibok_2006122000001,100465514
7,URN:NBN:no-nb_digibok_2007010500055,Nini Roll Anker,Den som henger i en tråd,1935,fem,https://urn.nb.no/URN:NBN:no-nb_digibok_2007010500055,100465993
8,URN:NBN:no-nb_digibok_2017080107014,Ebba Haslund,Siste halvår,1946,fem,https://www.nb.no/items/3c5c14fbbcbf1656e78e19dfc131a8ae?page=0&searchText=,100342481
9,URN:NBN:no-nb_digibok_2013081508112,Torborg Nedreaas,Musikk fra blå brønn,1947,fem,https://www.nb.no/items/6775da6796692ed7ffc3e48265992b4b?page=9&searchText=,100167899
10,URN:NBN:no-nb_digibok_2007022201066,Solveig Christov,Syv dager og netter,1955,fem,https://urn.nb.no/URN:NBN:no-nb_digibok_2007022201066,100459766
11,URN:NBN:no-nb_digibok_2007052204051,Vera Henriksen,Sølvhammeren,1961,fem,https://urn.nb.no/URN:NBN:no-nb_digibok_2007052204051,100520671
12,URN:NBN:no-nb_digibok_2007050901044,Vigdis Stokkelien,Den siste prøven,1968,fem,https://www.nb.no/items/e1f083b64aefa3370755a5fb254a1d17?page=0&searchText=,100018529
13,URN:NBN:no-nb_digibok_2013110405036,Ragnhild Magerøy,Kvassere enn sverdet,1974,fem,https://urn.nb.no/URN:NBN:no-nb_digibok_2013110405036,100177288
14,URN:NBN:no-nb_digibok_2012071806104,Sissel Lange-Nielsen,Korstog,1978,fem,https://www.nb.no/items/aba4c807e532c459fdd9eaf799f7d811?page=0&searchText=,100102172
15,URN:NBN:no-nb_digibok_2017062107116,Bergljot Hobæk Haff,Bålet,1979,fem,https://www.nb.no/items/fef186ebb7094e737c53017493b9494b?page=0&searchText=,100338755
16,URN:NBN:no-nb_digibok_2012121207088,Ragnhild Nilstun,Etterbyrden,1979,fem,https://urn.nb.no/URN:NBN:no-nb_digibok_2012121207088,100128697
17,URN:NBN:no-nb_digibok_2007062500003,Gerd Brantenberg,Sangen om St. Croix,1979,fem,https://urn.nb.no/URN:NBN:no-nb_digibok_2007062500003,100525928
18,URN:NBN:no-nb_digibok_2013100305077,Karin Bang,Jutøy. Jag etter vind,1981,fem,https://urn.nb.no/URN:NBN:no-nb_digibok_2013100305077,100172146
19,URN:NBN:no-nb_digibok_2014021006050,Anne Karin Elstad,"Senere, Lena",1982,fem,https://urn.nb.no/URN:NBN:no-nb_digibok_2014021006050,100190584
20,URN:NBN:no-nb_digibok_2012092108103,Kim Småge,Nattdykk,1983,fem,https://urn.nb.no/URN:NBN:no-nb_digibok_2012092108103,100109721
21,URN:NBN:no-nb_digibok_2014072206091,Mari Osmundsen,Gode gjerninger,1984,fem,https://urn.nb.no/URN:NBN:no-nb_digibok_2014072206091,100220914
22,URN:NBN:no-nb_digibok_2013120906098,Mona Lyngar,Gris,1985,fem,https://urn.nb.no/URN:NBN:no-nb_digibok_2013120906098,100182653
23,URN:NBN:no-nb_digibok_2013091905096,Line Baugstø,Reise i gult lys,1986,fem,https://urn.nb.no/URN:NBN:no-nb_digibok_2013091905096,100168504
24,URN:NBN:no-nb_digibok_2014062406080,Elin Brodin,Maskedans,1987,fem,https://urn.nb.no/URN:NBN:no-nb_digibok_2014062406080,100213650
25,URN:NBN:no-nb_digibok_2014070105038,Bjørg Vik,"Små nøkler, store rom",1988,fem,https://urn.nb.no/URN:NBN:no-nb_digibok_2014070105038,100215517
26,URN:NBN:no-nb_digibok_2007111301014,Tove Nilsen,Chaplins hemmelighet,1989,fem,https://urn.nb.no/URN:NBN:no-nb_digibok_2007111301014,100477893
27,URN:NBN:no-nb_digibok_2007111900104,Anne Holt,Blind gudinne,1993,fem,https://urn.nb.no/URN:NBN:no-nb_digibok_2007111900104,100501422
28,URN:NBN:no-nb_digibok_2008011004009,Karin Sveen,Maria Waters verden,1993,fem,https://urn.nb.no/URN:NBN:no-nb_digibok_2008011004009,100569078
29,URN:NBN:no-nb_digibok_2008081300045,Liv Køltzow,Verden forsvinner,1997,fem,https://urn.nb.no/URN:NBN:no-nb_digibok_2008081300045,100031394
30,URN:NBN:no-nb_digibok_2010031003089,Hanne Ørstavik,Kjærlighet,1997,fem,https://urn.nb.no/URN:NBN:no-nb_digibok_2010031003089,100464664
31,URN:NBN:no-nb_digibok_2008071500122,Sissel Lie,Svart due,1997,fem,https://urn.nb.no/URN:NBN:no-nb_digibok_2008071500122,100031205
32,URN:NBN:no-nb_digibok_2009030904099,Britt Karin Larsen,De usynliges by,1998,fem,https://urn.nb.no/URN:NBN:no-nb_digibok_2009030904099,100522534
33,URN:NBN:no-nb_digibok_2010061408075,Trude Marstein,"Sterk sult, plutselig kvalme",1998,fem,https://urn.nb.no/URN:NBN:no-nb_digibok_2010061408075,100007054
34,URN:NBN:no-nb_digibok_2008082704119,Unni Lindell,Drømmefangeren,1999,fem,https://urn.nb.no/URN:NBN:no-nb_digibok_2008082704119,100423854
35,URN:NBN:no-nb_digibok_2008090504072,Toril Brekke,Aske,1999,fem,https://urn.nb.no/URN:NBN:no-nb_digibok_2008090504072,100563732
36,URN:NBN:no-nb_digibok_2009012704074,Merete Morken Andersen,Hav av tid,2002,fem,https://urn.nb.no/URN:NBN:no-nb_digibok_2009012704074,100402043
37,URN:NBN:no-nb_digibok_2009032600055,Linn Ullmann,Nåde,2002,fem,https://urn.nb.no/URN:NBN:no-nb_digibok_2009032600055,100504232
38,URN:NBN:no-nb_digibok_2011060106103,Kari Bøge,Lins bok,2002,fem,https://urn.nb.no/URN:NBN:no-nb_digibok_2011060106103,100543047
39,URN:NBN:no-nb_digibok_2011062905008,Karin Fossum,Natt til fjerde november,2003,fem,https://urn.nb.no/URN:NBN:no-nb_digibok_2011062905008,100545459
40,URN:NBN:no-nb_digibok_2009021704009,Marianne Mjaaland,Unaturlig dødsfall meldes,2003,fem,https://urn.nb.no/URN:NBN:no-nb_digibok_2009021704009,100464012
41,URN:NBN:no-nb_digibok_2011033008104,Anne B. Ragde,Berlinerpoplene,2004,fem,https://urn.nb.no/URN:NBN:no-nb_digibok_2011033008104,100536901
42,URN:NBN:no-nb_digibok_2013013006106,Herbjørg Wassmo,Et glass melk takk,2006,fem,https://www.nb.no/items/204eaaffc3be6bcf0c3595ea5b833441?page=0&searchText=,100133787
43,URN:NBN:no-nb_digibok_2011101408121,Helene Uri,De beste blant oss,2006,fem,https://urn.nb.no/URN:NBN:no-nb_digibok_2011101408121,100060316
44,URN:NBN:no-nb_digibok_2012070606196,Cecilie Enger,Himmelstormeren,2007,fem,https://urn.nb.no/URN:NBN:no-nb_digibok_2012070606196,100095630
45,URN:NBN:no-nb_digibok_2013031106003,Vigdis Hjorth,Tredje person entall,2008,fem,https://urn.nb.no/URN:NBN:no-nb_digibok_2013031106003,100138943
46,URN:NBN:no-nb_digibok_2013101706141,Anne Oterholm,Toget fra Ajaccio,2009,fem,https://urn.nb.no/URN:NBN:no-nb_digibok_2013101706141,100174140
47,URN:NBN:no-nb_digibok_2013041605040,Selma Lønning Aarø,Venstre hånd over høyre skulder,2009,fem,https://urn.nb.no/URN:NBN:no-nb_digibok_2013041605040,100144451
48,URN:NBN:no-nb_digibok_2014031006141,Heidi Linde,"Nu, jävlar",2011,fem,https://urn.nb.no/URN:NBN:no-nb_digibok_2014031006141,100194938
49,URN:NBN:no-nb_digibok_2018061807605,Ida Hegazi Høyer,Fortellingen om øde,2015,fem,https://urn.nb.no/URN:NBN:no-nb_digibok_2018061807605,100382383
50,URN:NBN:no-nb_digibok_2009092212003,Alexander Kielland,Garman og Worse,1880,masc,https://urn.nb.no/URN:NBN:no-nb_digibok_2009092212003,100618870
51,URN:NBN:no-nb_digibok_2014101408206,Jonas Lie,Familien på Gilje,1883,masc,https://urn.nb.no/URN:NBN:no-nb_digibok_2014101408206,100623832
52,URN:NBN:no-nb_digibok_2009041403012,Johan Bojer,Et folketog,1896,masc,https://urn.nb.no/URN:NBN:no-nb_digibok_2009041403012,100637684
53,URN:NBN:no-nb_digibok_2014111908025,Kristian Elster,De unge hjerter,1910,masc,https://urn.nb.no/URN:NBN:no-nb_digibok_2014111908025,100491668
54,URN:NBN:no-nb_digibok_2017050848012,Ronald Fangen,En roman,1918,masc,https://www.nb.no/items/c2cc58a44f4647b8a7ae043090958dcd?page=0&searchText=,100331626
55,URN:NBN:no-nb_digibok_2011051004078,Mikkjel Fønhus,Det skriker fra Kverrvilljuvet,1920,masc,https://urn.nb.no/URN:NBN:no-nb_digibok_2011051004078,100048427
56,URN:NBN:no-nb_digibok_2016060348063,Johan Falkberget,Den fjerde nattevakt,1923,masc,https://www.nb.no/items/53df976b04dec43cac1f752f1acd06a8?page=0&searchText=,100296502
57,URN:NBN:no-nb_digibok_2008091603020,Knut Hamsun,August,1930,masc,https://urn.nb.no/URN:NBN:no-nb_digibok_2008091603020,100506240
58,URN:NBN:no-nb_digibok_2013102905076,Sigurd Hoel,Syndere i sommersol,1931,masc,https://www.nb.no/items/0e10823b086fea144c214a57498c1e67?page=0&searchText=,100177821
59,URN:NBN:no-nb_digibok_2012091708008,Trygve Gulbranssen,Og bakom synger skogene,1933,masc,https://www.nb.no/items/URN:NBN:no-nb_digibok_2012091708008,100109484
60,URN:NBN:no-nb_digibok_2017052907084,Gabriel Scott,De vergeløse,1939,masc,https://www.nb.no/items/09b6ce235618c9eec5753900b5da0dbe?page=0&searchText=,100335129
61,URN:NBN:no-nb_digibok_2008042201017,Kåre Holt,Det store veiskillet,1949,masc,https://urn.nb.no/URN:NBN:no-nb_digibok_2008042201017,100046534
62,URN:NBN:no-nb_digibok_2007020901025,Johan Borgen,Lillelord,1955,masc,https://urn.nb.no/URN:NBN:no-nb_digibok_2007020901025,100568714
63,URN:NBN:no-nb_digibok_2008051500074,Jens Bjørneboe,Jonas,1955,masc,https://urn.nb.no/URN:NBN:no-nb_digibok_2008051500074,100442645
64,URN:NBN:no-nb_digibok_2014060208041,Kjell Askildsen,Davids bror,1957,masc,https://urn.nb.no/URN:NBN:no-nb_digibok_2014060208041,100208418
65,URN:NBN:no-nb_digibok_2015090129001,Agnar Mykle,Sangen om den røde rubin,1956,masc,https://urn.nb.no/URN:NBN:no-nb_digibok_2015090129001,100263007
66,URN:NBN:no-nb_digibok_2008050604059,Aksel Sandemose,Varulven,1958,masc,https://urn.nb.no/URN:NBN:no-nb_digibok_2008050604059,100565132
67,URN:NBN:no-nb_digibok_2007032801115,André Bjerke,Enhjørningen,1963,masc,https://urn.nb.no/URN:NBN:no-nb_digibok_2007032801115,100509526
68,URN:NBN:no-nb_digibok_2011051020020,Dag Solstad,Irr! Grønt!,1969,masc,https://urn.nb.no/URN:NBN:no-nb_digibok_2011051020020,100499358
69,URN:NBN:no-nb_digibok_2011011106048,Finn Alnæs,Festningen faller,1971,masc,https://urn.nb.no/URN:NBN:no-nb_digibok_2011011106048,100032621
70,URN:NBN:no-nb_digibok_2008111404112,Knut Faldbakken,Uår. Aftenlandet og Sweetwater,1974,masc,https://urn.nb.no/URN:NBN:no-nb_digibok_2008111404112,100476508
71,URN:NBN:no-nb_digibok_2012100106229,Øystein Lønn,"Hirtshals, Hirtshals",1975,masc,https://urn.nb.no/URN:NBN:no-nb_digibok_2012100106229,100112452
72,URN:NBN:no-nb_digibok_2013061408139,Gunnar Staalesen,Mannen som hatet julenisser,1976,masc,https://urn.nb.no/URN:NBN:no-nb_digibok_2013061408139,100149867
73,URN:NBN:no-nb_digibok_2012121006109,Jon Michelet,Hvit som snø,1980,masc,https://urn.nb.no/URN:NBN:no-nb_digibok_2012121006109,100124247
74,URN:NBN:no-nb_digibok_2013012907174,Ola Bauer,Rosapenna,1983,masc,https://urn.nb.no/URN:NBN:no-nb_digibok_2013012907174,100132011
75,URN:NBN:no-nb_digibok_2007101600031,Karsten Alnæs,Kom kjærlighet,1983,masc,https://www.nb.no/items/e9bb45451abc7e3f7b2005e3d64e0d4a?page=0&searchText=,100500301
76,URN:NBN:no-nb_digibok_2016090848035,Lars Saabye Christensen,Herman,1988,masc,https://urn.nb.no/URN:NBN:no-nb_digibok_2016090848035,100308816
77,URN:NBN:no-nb_digibok_2008060900109,Gert Nygårdshaug,Mengele Zoo,1989,masc,https://urn.nb.no/URN:NBN:no-nb_digibok_2008060900109,100022904
78,URN:NBN:no-nb_digibok_2010111508041,Tor Åge Bringsværd,Djevelens skinn og ben,1989,masc,https://www.nb.no/items/1d43d158d6af88f044e67f721ff9ba7d?page=0&searchText=,100024118
79,URN:NBN:no-nb_digibok_2007081004049,Erik Fosnes Hansen,Salme ved reisens slutt,1990,masc,https://urn.nb.no/URN:NBN:no-nb_digibok_2007081004049,100570598
80,URN:NBN:no-nb_digibok_2007110800090,Ketil Bjørnstad,Villa Europa,1992,masc,https://urn.nb.no/URN:NBN:no-nb_digibok_2007110800090,100504647
81,URN:NBN:no-nb_digibok_2007120600048,Morten Harry Olsen,Begjærets pris,1993,masc,https://urn.nb.no/URN:NBN:no-nb_digibok_2007120600048,100108063
82,URN:NBN:no-nb_digibok_2008030704051,Tomas Espedal,Hotell Norge,1995,masc,https://urn.nb.no/URN:NBN:no-nb_digibok_2008030704051,100463585
83,URN:NBN:no-nb_digibok_2008073004005,Jan Kjærstad,Erobreren,1996,masc,https://urn.nb.no/URN:NBN:no-nb_digibok_2008073004005,100558471
84,URN:NBN:no-nb_digibok_2008071804003,Per Petterson,Til Sibir,1996,masc,https://urn.nb.no/URN:NBN:no-nb_digibok_2008071804003,100445222
85,URN:NBN:no-nb_digibok_2008080100064,Nikolaj Frobenius,Latours katalog,1996,masc,https://urn.nb.no/URN:NBN:no-nb_digibok_2008080100064,100097830
86,URN:NBN:no-nb_digibok_2008110400046,Jo Nesbø,Rødstrupe,2000,masc,https://urn.nb.no/URN:NBN:no-nb_digibok_2008110400046,100475042
87,URN:NBN:no-nb_digibok_2011062206094,Torgrim Eggen,Trynefaktoren,2003,masc,https://urn.nb.no/URN:NBN:no-nb_digibok_2011062206094,100545089
88,URN:NBN:no-nb_digibok_2009072800056,Henrik Langeland,Wonderboy,2003,masc,https://urn.nb.no/URN:NBN:no-nb_digibok_2009072800056,100270861
89,URN:NBN:no-nb_digibok_2012041706006,Levi Henriksen,Snø vil falle over snø som har falt,2004,masc,https://urn.nb.no/URN:NBN:no-nb_digibok_2012041706006,100556955
90,URN:NBN:no-nb_digibok_2011072908022,Roy Jacobsen,Frost,2004,masc,https://urn.nb.no/URN:NBN:no-nb_digibok_2011072908022,
91,URN:NBN:no-nb_digibok_2011071306066,Jonny Halberg,Gå til fjellet,2004,masc,https://urn.nb.no/URN:NBN:no-nb_digibok_2011071306066,100550165
92,URN:NBN:no-nb_digibok_2012022305023,Lars Mytting,Hestekrefter,2006,masc,https://urn.nb.no/URN:NBN:no-nb_digibok_2012022305023,100075456
93,URN:NBN:no-nb_digibok_2013100105093,Kurt Aust,De usynlige brødre,2006,masc,https://urn.nb.no/URN:NBN:no-nb_digibok_2013100105093,100172059
94,URN:NBN:no-nb_digibok_2012022305062,Jørn Lier Horst,Når havet stilner,2006,masc,https://urn.nb.no/URN:NBN:no-nb_digibok_2012022305062,100077345
95,URN:NBN:no-nb_digibok_2011071108047,Jan Chr. Næss,Det begynner med sex og ender med døden,2007,masc,https://urn.nb.no/URN:NBN:no-nb_digibok_2011071108047,100547303
96,URN:NBN:no-nb_digibok_2014111108078,Ingvar Ambjørnsen,En lang natt på jorden,2007,masc,https://urn.nb.no/URN:NBN:no-nb_digibok_2014111108078,100235550
97,URN:NBN:no-nb_digibok_2011101406084,Geir Gulliksen,Forenkling,2010,masc,https://urn.nb.no/URN:NBN:no-nb_digibok_2011101406084,100063242
98,URN:NBN:no-nb_digibok_2018061407590,Erlend Loe,Fvonk,2011,masc,https://urn.nb.no/URN:NBN:no-nb_digibok_2018061407590,100381530
99,URN:NBN:no-nb_digibok_2018061207190,Simon Stranger,Det som en gang var jord,2015,masc,https://www.nb.no/items/URN:NBN:no-nb_digibok_2018061207190,100380582
